{
    "format_version": "1.16.0",
    "minecraft:entity": {
      "description": {
        "identifier": "minecraft:player",
        "is_spawnable": false,
        "is_summonable": false,
        "is_experimental": false,
        "scripts": {
          "animate": [
            "sleep",
            "sneak",
            "jump",
            "land",
            "fire",
            "inwater",
            "move",
            "riding",
            "sprint",
            "swim",
            "death",
            "gliding",
            "POV1",
            "eating",
            "invisible",
            "item_is_charged",
            "using_item",
            "selected_item"
          ]
        },
        "animations": {
          "sleep": "controller.animation.sleep",
          "sneak": "controller.animation.sneak",
          "jump": "controller.animation.jump",
          "land": "controller.animation.land",
          "fire": "controller.animation.fire",
          "inwater": "controller.animation.inwater",
          "move": "controller.animation.move",
          "riding": "controller.animation.riding",
          "sprint": "controller.animation.sprint",
          "swim": "controller.animation.swim",
          "death": "controller.animation.death",
          "gliding": "controller.animation.gliding",
          "POV1": "controller.animation.POV1",
          "eating": "controller.animation.eating",
          "invisible": "controller.animation.invisible",
          "item_is_charged": "controller.animation.item_is_charged",
          "using_item": "controller.animation.using_item",
          "selected_item": "controller.animation.selected_item"
        }
      },
      "component_groups": {
        "minecraft:add_bad_omen": {
            "minecraft:spell_effects": {
                "add_effects": [
                    {
                        "effect": "bad_omen",
                        "duration": 6000,
                        "visible": false,
                        "display_on_screen_animation": true
                    }
                ]
            },
            "minecraft:timer": {
                "time": [
                    0,
                    0
                ],
                "looping": false,
                "time_down_event": {
                    "event": "minecraft:clear_add_bad_omen",
                    "target": "self"
                }
            }
        },
        "minecraft:clear_bad_omen_spell_effect": {
            "minecraft:spell_effects": {}
        },
        "minecraft:raid_trigger": {
            "minecraft:raid_trigger": {
                "triggered_event": {
                    "event": "minecraft:remove_raid_trigger",
                    "target": "self"
                }
            },
            "minecraft:spell_effects": {
                "remove_effects": "bad_omen"
            }
        },
        "WK:kick": {
            "minecraft:instant_despawn": {
                "remove_child_entities": true
            }
        }      
    },
    "components": {
        "minecraft:experience_reward": {
            "on_death": "Math.Min(query.player_level * 7, 100)"
        },
        "minecraft:type_family": {
            "family": [
                "player"
            ]
        },
        "minecraft:is_hidden_when_invisible": {},
        "minecraft:loot": {
            "table": "loot_tables/empty.json"
        },
        "minecraft:collision_box": {
            "width": 0.6,
            "height": 1.8
        },
        "minecraft:can_climb": {},
        "minecraft:movement": {
            "value": 0.1
        },
        "minecraft:hurt_on_condition": {
            "damage_conditions": [
                {
                    "filters": {
                        "test": "in_lava",
                        "subject": "self",
                        "operator": "==",
                        "value": true
                    },
                    "cause": "lava",
                    "damage_per_tick": 4
                }
            ]
        },
        "minecraft:attack": {
            "damage": 1
        },
        "minecraft:player.saturation": {
            "value": 20
        },
        "minecraft:player.exhaustion": {
            "value": 0,
            "max": 4
        },
        "minecraft:player.level": {
            "value": 0,
            "max": 24791
        },
        "minecraft:player.experience": {
            "value": 0,
            "max": 1
        },
        "minecraft:breathable": {
            "total_supply": 15,
            "suffocate_time": -1,
            "inhale_time": 3.75,
            "generates_bubbles": false
        },
        "minecraft:nameable": {
            "always_show": true,
            "allow_name_tag_renaming": false
        },
        "minecraft:physics": {},
        "minecraft:pushable": {
            "is_pushable": false,
            "is_pushable_by_piston": true
        },
        "minecraft:insomnia": {
            "days_until_insomnia": 3
        },
        "minecraft:damage_sensor": {
            "triggers": [
                {
                    "cause": "all",
                    "on_damage": {
                        "filters": {
                            "any_of": [
                                {
                                    "test": "has_tag",
                                    "operator": "==",
                                    "subject": "self",
                                    "value": "flying"
                                },
                                {
                                    "test": "has_tag",
                                    "operator": "==",
                                    "subject": "self",
                                    "value": "vanish"
                                }
                            ]
                        }
                    },
                    "deals_damage": false
                },
                {
                    "cause": "entity_attack",
                    "on_damage": {
                        "filters": {
                            "any_of": [
                                {
                                    "test": "is_family",
                                    "subject": "other",
                                    "value": "player"
                                }
                            ]
                        },
                        "event": "WK:Nothing",
                        "target": "other"
                    }
                },
                {
                    "cause": "entity_attack",
                    "on_damage": {
                        "target": "self",
                        "event": "WK:Nothing"
                    }
                }
            ]
        },
        "minecraft:rideable": {
            "seat_count": 2,
            "family_types": [
                "parrot_tame"
            ],
            "pull_in_entities": true,
            "seats": [
                {
                    "position": [
                        0.4,
                        -0.2,
                        -0.1
                    ],
                    "min_rider_count": 0,
                    "max_rider_count": 0,
                    "lock_rider_rotation": 0
                },
                {
                    "position": [
                        -0.4,
                        -0.2,
                        -0.1
                    ],
                    "min_rider_count": 1,
                    "max_rider_count": 2,
                    "lock_rider_rotation": 0
                }
            ]
        },
        "minecraft:block_climber": {},
        "minecraft:conditional_bandwidth_optimization": {
        },
        "minecraft:environment_sensor": {
            "triggers": [
                {
                    "filters": {
                        "all_of": [
                            {
                                "test": "has_mob_effect",
                                "subject": "self",
                                "value": "bad_omen"
                            },
                            {
                                "test": "is_in_village",
                                "subject": "self",
                                "value": true
                            }
                        ]
                    },
                    "event": "minecraft:trigger_raid"
                },
                {
                    "filters": {
                        "all_of": [
                            {
                                "test": "has_container_open",
                                "operator": "==",
                                "subject": "self",
                                "value": true
                            }
                        ]
                    },
                    "event": "WK:has_container_open"
                },
                {
                    "filters": {
                        "all_of": [
                            {
                                "test": "has_container_open",
                                "operator": "!=",
                                "subject": "self",
                                "value": true
                            }
                        ]
                    },
                    "event": "WK:hasnt_container_open"
                }
            ]
        }
    },
    "events": {
        "WK:kick": {
            "add": {
                "component_groups": [
                    "WK:kick"
                ]
            }
        },
        "WK:has_container_open": {
            "run_command": {
                "command": [
                    "tag @s add guiOpen"
                    ],
                    "target": "self"
            }
        },
        "WK:hasnt_container_open": {
            "run_command": {
                "command": [
                    "tag @s remove guiOpen"
                    ],
                    "target": "self"
            }
        },
        "minecraft:clear_add_bad_omen": {
            "remove": {
                "component_groups": [
                    "minecraft:add_bad_omen"
                ]
            },
            "add": {
                "component_groups": [
                    "minecraft:clear_bad_omen_spell_effect"
                ]
            }
        },
        "minecraft:trigger_raid": {
            "add": {
                "component_groups": [
                    "minecraft:raid_trigger"
                ]
            }
        },
        "minecraft:remove_raid_trigger": {
            "remove": {
                "component_groups": [
                    "minecraft:raid_trigger"
                ]
               }
           }
       }
   }
}