{
  "format_version": "1.8.0",
  "minecraft:client_entity": {
    "description": {
      "identifier": "hovertext:warp",
      "materials": {
        "default": "slime"
      },
      "textures": {
        "default": "textures/empty"
      },
      "geometry": {
        "default": "geometry.empty"
      },
      "render_controllers": [
        "controller.render.slime"
      ],
      "spawn_egg": {
        "base_color": "#ffffff",
        "overlay_color": "#ffffff"
      }
    }
  }
}
