{
    "format_version": "1.10.0",
    "animation_controllers": {
      "controller.animation.item_is_charged": {
        "states": {
          "default": {
            "transitions": [
              {
                "scroll": "query.item_is_charged"
              }
            ],
            "on_exit": ["/tag @s add \"itemIsCharged\""]
          },
          "scroll": {
            "transitions": [
              {
                "default": "!query.item_is_charged"
              }
            ],
            "on_exit": ["/tag @s remove \"itemIsCharged\""]
          }
        }
      }
    }
  }