{
    "format_version": "1.10.0",
    "animation_controllers": {
      "controller.animation.move": {
        "states": {
          "default": {
            "transitions": [
              {
                "scroll": "query.is_moving"
              }
            ],
            "on_exit": ["/tag @s add \"isMoving\""]
          },
          "scroll": {
            "transitions": [
              {
                "default": "!query.is_moving"
              }
            ],
            "on_exit": ["/tag @s remove \"isMoving\""]
          }
        }
      }
    }
  }