{
   "biomes" : {
      "bamboo_jungle" : {
         "fog_identifier" : "minecraft:fog_bamboo_jungle",
         "fog_ids_to_merge" : [ "minecraft:fog_bamboo_jungle" ],
         "inherit_from_prior_fog" : false,
         "water_surface_color" : "#14A2C5"
      },
      "bamboo_jungle_hills" : {
         "fog_identifier" : "minecraft:fog_bamboo_jungle_hills",
         "fog_ids_to_merge" : [ "minecraft:fog_bamboo_jungle_hills" ],
         "inherit_from_prior_fog" : false,
         "water_surface_color" : "#1B9ED8"
      },
      "basalt_deltas" : {
         "fog_identifier" : "minecraft:fog_basalt_deltas",
         "fog_ids_to_merge" : [ "minecraft:fog_basalt_deltas" ],
         "inherit_from_prior_fog" : false,
         "water_surface_color" : "#3f76e4"
      },
      "beach" : {
         "fog_identifier" : "minecraft:fog_beach",
         "fog_ids_to_merge" : [ "minecraft:fog_beach" ],
         "inherit_from_prior_fog" : false,
         "water_surface_color" : "#157cab"
      },
      "birch_forest" : {
         "fog_identifier" : "minecraft:fog_birch_forest",
         "fog_ids_to_merge" : [ "minecraft:fog_birch_forest" ],
         "inherit_from_prior_fog" : false,
         "water_surface_color" : "#0677ce"
      },
      "birch_forest_hills" : {
         "fog_identifier" : "minecraft:fog_birch_forest_hills",
         "fog_ids_to_merge" : [ "minecraft:fog_birch_forest_hills" ],
         "inherit_from_prior_fog" : false,
         "water_surface_color" : "#0a74c4"
      },
      "cold_beach" : {
         "fog_identifier" : "minecraft:fog_cold_beach",
         "fog_ids_to_merge" : [ "minecraft:fog_cold_beach" ],
         "inherit_from_prior_fog" : false,
         "water_surface_color" : "#1463a5"
      },
      "cold_ocean" : {
         "fog_identifier" : "minecraft:fog_cold_ocean",
         "fog_ids_to_merge" : [ "minecraft:fog_cold_ocean" ],
         "inherit_from_prior_fog" : false,
         "water_surface_color" : "#2080C9"
      },
      "cold_taiga" : {
         "fog_identifier" : "minecraft:fog_cold_taiga",
         "fog_ids_to_merge" : [ "minecraft:fog_cold_taiga" ],
         "inherit_from_prior_fog" : false,
         "water_surface_color" : "#205e83"
      },
      "cold_taiga_hills" : {
         "fog_identifier" : "minecraft:fog_cold_taiga_hills",
         "fog_ids_to_merge" : [ "minecraft:fog_cold_taiga_hills" ],
         "inherit_from_prior_fog" : false,
         "water_surface_color" : "#245b78"
      },
      "cold_taiga_mutated" : {
         "fog_identifier" : "minecraft:fog_cold_taiga_mutated",
         "fog_ids_to_merge" : [ "minecraft:fog_cold_taiga_mutated" ],
         "inherit_from_prior_fog" : false,
         "water_surface_color" : "#205e83"
      },
      "crimson_forest" : {
         "fog_identifier" : "minecraft:fog_crimson_forest",
         "fog_ids_to_merge" : [ "minecraft:fog_crimson_forest" ],
         "inherit_from_prior_fog" : false,
         "water_surface_color" : "#905957"
      },
      "deep_cold_ocean" : {
         "fog_identifier" : "minecraft:fog_deep_cold_ocean",
         "fog_ids_to_merge" : [ "minecraft:fog_deep_cold_ocean" ],
         "inherit_from_prior_fog" : false,
         "water_surface_color" : "#2080C9"
      },
      "deep_frozen_ocean" : {
         "fog_identifier" : "minecraft:fog_deep_frozen_ocean",
         "fog_ids_to_merge" : [ "minecraft:fog_deep_frozen_ocean" ],
         "inherit_from_prior_fog" : false,
         "water_surface_color" : "#2570B5"
      },
      "deep_lukewarm_ocean" : {
         "fog_identifier" : "minecraft:fog_deep_lukewarm_ocean",
         "fog_ids_to_merge" : [ "minecraft:fog_deep_lukewarm_ocean" ],
         "inherit_from_prior_fog" : false,
         "water_surface_color" : "#0D96DB"
      },
      "deep_ocean" : {
         "fog_identifier" : "minecraft:fog_deep_ocean",
         "fog_ids_to_merge" : [ "minecraft:fog_deep_ocean" ],
         "inherit_from_prior_fog" : false,
         "water_surface_color" : "#1787D4"
      },
      "deep_warm_ocean" : {
         "fog_identifier" : "minecraft:fog_deep_warm_ocean",
         "fog_ids_to_merge" : [ "minecraft:fog_deep_warm_ocean" ],
         "inherit_from_prior_fog" : false,
         "water_surface_color" : "#02B0E5"
      },
      "default" : {
         "fog_identifier" : "minecraft:fog_default",
         "fog_ids_to_merge" : [ "minecraft:fog_default" ],
         "inherit_from_prior_fog" : false,
         "remove_all_prior_fog" : false,
         "water_surface_color" : "#44AFF5",
         "water_surface_transparency" : 0.650
      },
      "desert" : {
         "fog_identifier" : "minecraft:fog_desert",
         "fog_ids_to_merge" : [ "minecraft:fog_desert" ],
         "inherit_from_prior_fog" : false,
         "water_surface_color" : "#32A598"
      },
      "desert_hills" : {
         "fog_identifier" : "minecraft:fog_desert_hills",
         "fog_ids_to_merge" : [ "minecraft:fog_desert_hills" ],
         "inherit_from_prior_fog" : false,
         "water_surface_color" : "#1a7aa1"
      },
      "extreme_hills" : {
         "fog_identifier" : "minecraft:fog_extreme_hills",
         "fog_ids_to_merge" : [ "minecraft:fog_extreme_hills" ],
         "inherit_from_prior_fog" : false,
         "water_surface_color" : "#007BF7"
      },
      "extreme_hills_edge" : {
         "fog_identifier" : "minecraft:fog_extreme_hills_edge",
         "fog_ids_to_merge" : [ "minecraft:fog_extreme_hills_edge" ],
         "inherit_from_prior_fog" : false,
         "water_surface_color" : "#045cd5"
      },
      "extreme_hills_mutated" : {
         "fog_identifier" : "minecraft:fog_extreme_hills_mutated",
         "fog_ids_to_merge" : [ "minecraft:fog_extreme_hills_mutated" ],
         "inherit_from_prior_fog" : false,
         "water_surface_color" : "#0E63AB"
      },
      "extreme_hills_plus_trees" : {
         "fog_identifier" : "minecraft:fog_extreme_hills_plus_trees",
         "fog_ids_to_merge" : [ "minecraft:fog_extreme_hills_plus_trees" ],
         "inherit_from_prior_fog" : false,
         "water_surface_color" : "#0E63AB"
      },
      "extreme_hills_plus_trees_mutated" : {
         "fog_identifier" : "minecraft:fog_extreme_hills_plus_trees_mutated",
         "fog_ids_to_merge" : [ "minecraft:fog_extreme_hills_plus_trees_mutated" ],
         "inherit_from_prior_fog" : false,
         "water_surface_color" : "#0E63AB"
      },
      "flower_forest" : {
         "fog_identifier" : "minecraft:fog_flower_forest",
         "fog_ids_to_merge" : [ "minecraft:fog_flower_forest" ],
         "inherit_from_prior_fog" : false,
         "water_surface_color" : "#20A3CC"
      },
      "forest" : {
         "fog_identifier" : "minecraft:fog_forest",
         "fog_ids_to_merge" : [ "minecraft:fog_forest" ],
         "inherit_from_prior_fog" : false,
         "water_surface_color" : "#1E97F2"
      },
      "forest_hills" : {
         "fog_identifier" : "minecraft:fog_forest_hills",
         "fog_ids_to_merge" : [ "minecraft:fog_forest_hills" ],
         "inherit_from_prior_fog" : false,
         "water_surface_color" : "#056bd1"
      },
      "frozen_ocean" : {
         "fog_identifier" : "minecraft:fog_frozen_ocean",
         "fog_ids_to_merge" : [ "minecraft:fog_frozen_ocean" ],
         "inherit_from_prior_fog" : false,
         "water_surface_color" : "#2570B5"
      },
      "frozen_river" : {
         "fog_identifier" : "minecraft:fog_frozen_river",
         "fog_ids_to_merge" : [ "minecraft:fog_frozen_river" ],
         "inherit_from_prior_fog" : false,
         "water_surface_color" : "#185390"
      },
      "hell" : {
         "fog_identifier" : "minecraft:fog_hell",
         "fog_ids_to_merge" : [ "minecraft:fog_hell" ],
         "inherit_from_prior_fog" : false,
         "water_surface_color" : "#905957"
      },
      "ice_mountains" : {
         "fog_identifier" : "minecraft:fog_ice_mountains",
         "fog_ids_to_merge" : [ "minecraft:fog_ice_mountains" ],
         "inherit_from_prior_fog" : false,
         "water_surface_color" : "#1156a7"
      },
      "ice_plains" : {
         "fog_identifier" : "minecraft:fog_ice_plains",
         "fog_ids_to_merge" : [ "minecraft:fog_ice_plains" ],
         "inherit_from_prior_fog" : false,
         "water_surface_color" : "#14559b"
      },
      "ice_plains_spikes" : {
         "fog_identifier" : "minecraft:fog_ice_plains_spikes",
         "fog_ids_to_merge" : [ "minecraft:fog_ice_plains_spikes" ],
         "inherit_from_prior_fog" : false,
         "water_surface_color" : "#14559b"
      },
      "jungle" : {
         "fog_identifier" : "minecraft:fog_jungle",
         "fog_ids_to_merge" : [ "minecraft:fog_jungle" ],
         "inherit_from_prior_fog" : false,
         "water_surface_color" : "#14A2C5"
      },
      "jungle_edge" : {
         "fog_identifier" : "minecraft:fog_jungle_edge",
         "fog_ids_to_merge" : [ "minecraft:fog_jungle_edge" ],
         "inherit_from_prior_fog" : false,
         "water_surface_color" : "#0D8AE3"
      },
      "jungle_hills" : {
         "fog_identifier" : "minecraft:fog_jungle_hills",
         "fog_ids_to_merge" : [ "minecraft:fog_jungle_hills" ],
         "inherit_from_prior_fog" : false,
         "water_surface_color" : "#1B9ED8"
      },
      "jungle_mutated" : {
         "fog_identifier" : "minecraft:fog_jungle_mutated",
         "fog_ids_to_merge" : [ "minecraft:fog_jungle_mutated" ],
         "inherit_from_prior_fog" : false,
         "water_surface_color" : "#1B9ED8"
      },
      "lukewarm_ocean" : {
         "fog_identifier" : "minecraft:fog_lukewarm_ocean",
         "fog_ids_to_merge" : [ "minecraft:fog_lukewarm_ocean" ],
         "inherit_from_prior_fog" : false,
         "water_surface_color" : "#0D96DB"
      },
      "mangrove_swamp" : {
         "fog_identifier" : "minecraft:fog_mangrove_swamp",
         "fog_ids_to_merge" : [ "minecraft:fog_mangrove_swamp" ],
         "inherit_from_prior_fog" : false,
         "water_surface_color" : "#3a7a6a"
      },
      "mega_spruce_taiga" : {
         "fog_identifier" : "minecraft:fog_mega_spruce_taiga",
         "fog_ids_to_merge" : [ "minecraft:fog_mega_spruce_taiga" ],
         "inherit_from_prior_fog" : false,
         "water_surface_color" : "#2d6d77"
      },
      "mega_spruce_taiga_mutated" : {
         "fog_identifier" : "minecraft:fog_mega_spruce_taiga_mutated",
         "fog_ids_to_merge" : [ "minecraft:fog_mega_spruce_taiga_mutated" ],
         "inherit_from_prior_fog" : false,
         "water_surface_color" : "#2d6d77"
      },
      "mega_taiga" : {
         "fog_identifier" : "minecraft:fog_mega_taiga",
         "fog_ids_to_merge" : [ "minecraft:fog_mega_taiga" ],
         "inherit_from_prior_fog" : false,
         "water_surface_color" : "#2d6d77"
      },
      "mega_taiga_hills" : {
         "fog_identifier" : "minecraft:fog_mega_taiga_hills",
         "fog_ids_to_merge" : [ "minecraft:fog_mega_taiga_hills" ],
         "inherit_from_prior_fog" : false,
         "water_surface_color" : "#286378"
      },
      "mega_taiga_mutated" : {
         "fog_identifier" : "minecraft:fog_mega_taiga_mutated",
         "fog_ids_to_merge" : [ "minecraft:fog_mega_taiga_mutated" ],
         "inherit_from_prior_fog" : false,
         "water_surface_color" : "#2d6d77"
      },
      "mesa" : {
         "fog_identifier" : "minecraft:fog_mesa",
         "fog_ids_to_merge" : [ "minecraft:fog_mesa" ],
         "inherit_from_prior_fog" : false,
         "water_surface_color" : "#4E7F81"
      },
      "mesa_bryce" : {
         "fog_identifier" : "minecraft:fog_mesa_bryce",
         "fog_ids_to_merge" : [ "minecraft:fog_mesa_bryce" ],
         "inherit_from_prior_fog" : false,
         "water_surface_color" : "#497F99"
      },
      "mesa_mutated" : {
         "fog_identifier" : "minecraft:fog_mesa_mutated",
         "fog_ids_to_merge" : [ "minecraft:fog_mesa_mutated" ],
         "inherit_from_prior_fog" : false,
         "water_surface_color" : "#497F99"
      },
      "mesa_plateau" : {
         "fog_identifier" : "minecraft:fog_mesa_plateau",
         "fog_ids_to_merge" : [ "minecraft:fog_mesa_plateau" ],
         "inherit_from_prior_fog" : false,
         "water_surface_color" : "#55809E"
      },
      "mesa_plateau_stone" : {
         "fog_identifier" : "minecraft:fog_mesa_plateau_stone",
         "fog_ids_to_merge" : [ "minecraft:fog_mesa_plateau_stone" ],
         "inherit_from_prior_fog" : false,
         "water_surface_color" : "#55809E"
      },
      "mushroom_island" : {
         "fog_identifier" : "minecraft:fog_mushroom_island",
         "fog_ids_to_merge" : [ "minecraft:fog_mushroom_island" ],
         "inherit_from_prior_fog" : false,
         "water_surface_color" : "#8a8997"
      },
      "mushroom_island_shore" : {
         "fog_identifier" : "minecraft:fog_mushroom_island_shore",
         "fog_ids_to_merge" : [ "minecraft:fog_mushroom_island_shore" ],
         "inherit_from_prior_fog" : false,
         "water_surface_color" : "#818193"
      },
      "ocean" : {
         "fog_identifier" : "minecraft:fog_ocean",
         "fog_ids_to_merge" : [ "minecraft:fog_ocean" ],
         "inherit_from_prior_fog" : false,
         "water_surface_color" : "#1787D4"
      },
      "plains" : {
         "fog_identifier" : "minecraft:fog_plains",
         "fog_ids_to_merge" : [ "minecraft:fog_plains" ],
         "inherit_from_prior_fog" : false,
         "water_surface_color" : "#44AFF5"
      },
      "river" : {
         "fog_identifier" : "minecraft:fog_river",
         "fog_ids_to_merge" : [ "minecraft:fog_river" ],
         "inherit_from_prior_fog" : false,
         "water_surface_color" : "#0084FF"
      },
      "roofed_forest" : {
         "fog_identifier" : "minecraft:fog_roofed_forest",
         "fog_ids_to_merge" : [ "minecraft:fog_roofed_forest" ],
         "inherit_from_prior_fog" : false,
         "water_surface_color" : "#3B6CD1"
      },
      "savanna" : {
         "fog_identifier" : "minecraft:fog_savanna",
         "fog_ids_to_merge" : [ "minecraft:fog_savanna" ],
         "inherit_from_prior_fog" : false,
         "water_surface_color" : "#2C8B9C"
      },
      "savanna_mutated" : {
         "fog_identifier" : "minecraft:fog_savanna_mutated",
         "fog_ids_to_merge" : [ "minecraft:fog_savanna_mutated" ],
         "inherit_from_prior_fog" : false,
         "water_surface_color" : "#2590A8"
      },
      "savanna_plateau" : {
         "fog_identifier" : "minecraft:fog_savanna_plateau",
         "fog_ids_to_merge" : [ "minecraft:fog_savanna_plateau" ],
         "inherit_from_prior_fog" : false,
         "water_surface_color" : "#2590A8"
      },
      "soulsand_valley" : {
         "fog_identifier" : "minecraft:fog_soulsand_valley",
         "fog_ids_to_merge" : [ "minecraft:fog_soulsand_valley" ],
         "inherit_from_prior_fog" : false,
         "water_surface_color" : "#905957"
      },
      "stone_beach" : {
         "fog_identifier" : "minecraft:fog_stone_beach",
         "fog_ids_to_merge" : [ "minecraft:fog_stone_beach" ],
         "inherit_from_prior_fog" : false,
         "water_surface_color" : "#0d67bb"
      },
      "sunflower_plains" : {
         "fog_identifier" : "minecraft:fog_sunflower_plains",
         "fog_ids_to_merge" : [ "minecraft:fog_sunflower_plains" ],
         "inherit_from_prior_fog" : false,
         "water_surface_color" : "#44AFF5"
      },
      "swampland" : {
         "fog_identifier" : "minecraft:fog_swampland",
         "fog_ids_to_merge" : [ "minecraft:fog_swampland" ],
         "inherit_from_prior_fog" : false,
         "water_surface_color" : "#4c6559",
         "water_surface_transparency" : 1.0
      },
      "swampland_mutated" : {
         "fog_identifier" : "minecraft:fog_swampland_mutated",
         "fog_ids_to_merge" : [ "minecraft:fog_swampland_mutated" ],
         "inherit_from_prior_fog" : false,
         "water_surface_color" : "#4c6156",
         "water_surface_transparency" : 1.0
      },
      "taiga" : {
         "fog_identifier" : "minecraft:fog_taiga",
         "fog_ids_to_merge" : [ "minecraft:fog_taiga" ],
         "inherit_from_prior_fog" : false,
         "water_surface_color" : "#287082"
      },
      "taiga_hills" : {
         "fog_identifier" : "minecraft:fog_taiga_hills",
         "fog_ids_to_merge" : [ "minecraft:fog_taiga_hills" ],
         "inherit_from_prior_fog" : false,
         "water_surface_color" : "#236583"
      },
      "taiga_mutated" : {
         "fog_identifier" : "minecraft:fog_taiga_mutated",
         "fog_ids_to_merge" : [ "minecraft:fog_taiga_mutated" ],
         "inherit_from_prior_fog" : false,
         "water_surface_color" : "#1E6B82"
      },
      "the_end" : {
         "fog_identifier" : "minecraft:fog_the_end",
         "fog_ids_to_merge" : [ "minecraft:fog_the_end" ],
         "inherit_from_prior_fog" : false,
         "water_surface_color" : "#62529e"
      },
      "warm_ocean" : {
         "fog_identifier" : "minecraft:fog_warm_ocean",
         "fog_ids_to_merge" : [ "minecraft:fog_warm_ocean" ],
         "inherit_from_prior_fog" : false,
         "water_surface_color" : "#02B0E5",
         "water_surface_transparency" : 0.550
      },
      "warped_forest" : {
         "fog_identifier" : "minecraft:fog_warped_forest",
         "fog_ids_to_merge" : [ "minecraft:fog_warped_forest" ],
         "inherit_from_prior_fog" : false,
         "water_surface_color" : "#905957"
      }
   }
}
