{
  "format_version": "1.8.0",
  "animations": {
    "animation.villager.general": {
      "loop": true,
      "bones": {
        "arms": {
          "position": [ 0.0, -1.0, -1.0 ],
          "rotation": [ "-42.97 - this", 0.0, 0.0 ]
        }
      }
    },
    "animation.villager.move": {
      "anim_time_update": "query.walk_position",
      "loop": true,
      "bones": {
        "leg0": { "rotation": [ "(Math.cos(global.anim_time * 38.17) * 40.0) - this", "-this", 0.0 ] },
        "leg1": { "rotation": [ "(Math.cos(global.anim_time * 38.17 + 180) * 40.0) - this", "-this", 0.0 ] },
        "rightArm": { "rotation": [ "(Math.cos(global.anim_time * 38.17) * 40.0) - this", "-this", 0.0 ] },
        "leftArm": { "rotation": [ "(Math.cos(global.anim_time * 38.17 + 180) * 40.0) - this", "-this", 0.0 ] }
      }
    },
    "animation.villager.baby_transform": {
      "loop": true,
      "bones": {
        "head": {
          "scale": 1.5
        }
      }
    }
  }
}
